Workbook

Sheet DATA
A1: Date | B1: ^AEX | C1: ^AORD | D1: ^FTSE | E1: ^GSPC | F1: ^GSPTSE | G1: ^HSI | H1: ^N225
A2: 31413 | B2: =VLOOKUP($A2,returns!A2:H521,2,FALSE) -> #N/A | C2: =VLOOKUP($A2,returns!$A$2:H$521,3,FALSE) -> #N/A | D2: =VLOOKUP($A2,returns!$A$2:$H$521,3,FALSE) -> #N/A | E2: =VLOOKUP($A2,returns!$A$2:$H$521,3,FALSE) -> #N/A | F2: =VLOOKUP($A2,returns!$A$2:$H$521,3,FALSE) -> #N/A | G2: =VLOOKUP($A2,returns!$A$2:$H$521,3,FALSE) -> #N/A | H2: =VLOOKUP($A2,returns!$A$2:$H$521,3,FALSE) -> #N/A
A3: 31414 | B3: =VLOOKUP(A3,returns!$A$2:$H$522,2,FALSE) -> 121.22 | C3: =VLOOKUP($A3,returns!$A$2:H$521,3,FALSE) -> 1010.8 | D3: =VLOOKUP($A3,returns!$A$2:$H$521,3,FALSE) -> 1010.8 | E3: =VLOOKUP($A3,returns!$A$2:$H$521,3,FALSE) -> 1010.8 | F3: =VLOOKUP($A3,returns!$A$2:$H$521,3,FALSE) -> 1010.8 | G3: =VLOOKUP($A3,returns!$A$2:$H$521,3,FALSE) -> 1010.8 | H3: =VLOOKUP($A3,returns!$A$2:$H$521,3,FALSE) -> 1010.8
A4: 31415 | B4: =VLOOKUP(A4,returns!$A$2:$H$522,2,FALSE) -> 121.52 | C4: =VLOOKUP($A4,returns!$A$2:H$521,3,FALSE) -> 1020.4 | D4: =VLOOKUP($A4,returns!$A$2:$H$521,3,FALSE) -> 1020.4 | E4: =VLOOKUP($A4,returns!$A$2:$H$521,3,FALSE) -> 1020.4 | F4: =VLOOKUP($A4,returns!$A$2:$H$521,3,FALSE) -> 1020.4 | G4: =VLOOKUP($A4,returns!$A$2:$H$521,3,FALSE) -> 1020.4 | H4: =VLOOKUP($A4,returns!$A$2:$H$521,3,FALSE) -> 1020.4
A5: 31416 | B5: =VLOOKUP(A5,returns!$A$2:$H$522,2,FALSE) -> #N/A | C5: =VLOOKUP($A5,returns!$A$2:H$521,3,FALSE) -> #N/A | D5: =VLOOKUP($A5,returns!$A$2:$H$521,3,FALSE) -> #N/A | E5: =VLOOKUP($A5,returns!$A$2:$H$521,3,FALSE) -> #N/A | F5: =VLOOKUP($A5,returns!$A$2:$H$521,3,FALSE) -> #N/A | G5: =VLOOKUP($A5,returns!$A$2:$H$521,3,FALSE) -> #N/A | H5: =VLOOKUP($A5,returns!$A$2:$H$521,3,FALSE) -> #N/A
A6: 31417 | B6: =VLOOKUP(A6,returns!$A$2:$H$522,2,FALSE) -> #N/A | C6: =VLOOKUP($A6,returns!$A$2:H$521,3,FALSE) -> #N/A | D6: =VLOOKUP($A6,returns!$A$2:$H$521,3,FALSE) -> #N/A | E6: =VLOOKUP($A6,returns!$A$2:$H$521,3,FALSE) -> #N/A | F6: =VLOOKUP($A6,returns!$A$2:$H$521,3,FALSE) -> #N/A | G6: =VLOOKUP($A6,returns!$A$2:$H$521,3,FALSE) -> #N/A | H6: =VLOOKUP($A6,returns!$A$2:$H$521,3,FALSE) -> #N/A
A7: 31418 | B7: =VLOOKUP(A7,returns!$A$2:$H$522,2,FALSE) -> 125.13 | C7: =VLOOKUP($A7,returns!$A$2:H$521,3,FALSE) -> 1028 | D7: =VLOOKUP($A7,returns!$A$2:$H$521,3,FALSE) -> 1028 | E7: =VLOOKUP($A7,returns!$A$2:$H$521,3,FALSE) -> 1028 | F7: =VLOOKUP($A7,returns!$A$2:$H$521,3,FALSE) -> 1028 | G7: =VLOOKUP($A7,returns!$A$2:$H$521,3,FALSE) -> 1028 | H7: =VLOOKUP($A7,returns!$A$2:$H$521,3,FALSE) -> 1028
A8: 31419 | B8: =VLOOKUP(A8,returns!$A$2:$H$522,2,FALSE) -> 124.98 | C8: =VLOOKUP($A8,returns!$A$2:H$521,3,FALSE) -> 1032.4 | D8: =VLOOKUP($A8,returns!$A$2:$H$521,3,FALSE) -> 1032.4 | E8: =VLOOKUP($A8,returns!$A$2:$H$521,3,FALSE) -> 1032.4 | F8: =VLOOKUP($A8,returns!$A$2:$H$521,3,FALSE) -> 1032.4 | G8: =VLOOKUP($A8,returns!$A$2:$H$521,3,FALSE) -> 1032.4 | H8: =VLOOKUP($A8,returns!$A$2:$H$521,3,FALSE) -> 1032.4
A9: 31420 | B9: =VLOOKUP(A9,returns!$A$2:$H$522,2,FALSE) -> 126.5 | C9: =VLOOKUP($A9,returns!$A$2:H$521,3,FALSE) -> 1041.6 | D9: =VLOOKUP($A9,returns!$A$2:$H$521,3,FALSE) -> 1041.6 | E9: =VLOOKUP($A9,returns!$A$2:$H$521,3,FALSE) -> 1041.6 | F9: =VLOOKUP($A9,returns!$A$2:$H$521,3,FALSE) -> 1041.6 | G9: =VLOOKUP($A9,returns!$A$2:$H$521,3,FALSE) -> 1041.6 | H9: =VLOOKUP($A9,returns!$A$2:$H$521,3,FALSE) -> 1041.6
A10: 31421 | B10: =VLOOKUP(A10,returns!$A$2:$H$522,2,FALSE) -> 123.56 | C10: =VLOOKUP($A10,returns!$A$2:H$521,3,FALSE) -> 1043.9 | D10: =VLOOKUP($A10,returns!$A$2:$H$521,3,FALSE) -> 1043.9 | E10: =VLOOKUP($A10,returns!$A$2:$H$521,3,FALSE) -> 1043.9 | F10: =VLOOKUP($A10,returns!$A$2:$H$521,3,FALSE) -> 1043.9 | G10: =VLOOKUP($A10,returns!$A$2:$H$521,3,FALSE) -> 1043.9 | H10: =VLOOKUP($A10,returns!$A$2:$H$521,3,FALSE) -> 1043.9
A11: 31422 | B11: =VLOOKUP(A11,returns!$A$2:$H$522,2,FALSE) -> 123.83 | C11: =VLOOKUP($A11,returns!$A$2:H$521,3,FALSE) -> 1044.2 | D11: =VLOOKUP($A11,returns!$A$2:$H$521,3,FALSE) -> 1044.2 | E11: =VLOOKUP($A11,returns!$A$2:$H$521,3,FALSE) -> 1044.2 | F11: =VLOOKUP($A11,returns!$A$2:$H$521,3,FALSE) -> 1044.2 | G11: =VLOOKUP($A11,returns!$A$2:$H$521,3,FALSE) -> 1044.2 | H11: =VLOOKUP($A11,returns!$A$2:$H$521,3,FALSE) -> 1044.2
A12: 31423 | B12: =VLOOKUP(A12,returns!$A$2:$H$522,2,FALSE) -> #N/A | C12: =VLOOKUP($A12,returns!$A$2:H$521,3,FALSE) -> #N/A | D12: =VLOOKUP($A12,returns!$A$2:$H$521,3,FALSE) -> #N/A | E12: =VLOOKUP($A12,returns!$A$2:$H$521,3,FALSE) -> #N/A | F12: =VLOOKUP($A12,returns!$A$2:$H$521,3,FALSE) -> #N/A | G12: =VLOOKUP($A12,returns!$A$2:$H$521,3,FALSE) -> #N/A | H12: =VLOOKUP($A12,returns!$A$2:$H$521,3,FALSE) -> #N/A
A13: 31424 | B13: =VLOOKUP(A13,returns!$A$2:$H$522,2,FALSE) -> #N/A | C13: =VLOOKUP($A13,returns!$A$2:H$521,3,FALSE) -> #N/A | D13: =VLOOKUP($A13,returns!$A$2:$H$521,3,FALSE) -> #N/A | E13: =VLOOKUP($A13,returns!$A$2:$H$521,3,FALSE) -> #N/A | F13: =VLOOKUP($A13,returns!$A$2:$H$521,3,FALSE) -> #N/A | G13: =VLOOKUP($A13,returns!$A$2:$H$521,3,FALSE) -> #N/A | H13: =VLOOKUP($A13,returns!$A$2:$H$521,3,FALSE) -> #N/A
A14: 31425 | B14: =VLOOKUP(A14,returns!$A$2:$H$522,2,FALSE) -> 121.62 | C14: =VLOOKUP($A14,returns!$A$2:H$521,3,FALSE) -> 1051.1 | D14: =VLOOKUP($A14,returns!$A$2:$H$521,3,FALSE) -> 1051.1 | E14: =VLOOKUP($A14,returns!$A$2:$H$521,3,FALSE) -> 1051.1 | F14: =VLOOKUP($A14,returns!$A$2:$H$521,3,FALSE) -> 1051.1 | G14: =VLOOKUP($A14,returns!$A$2:$H$521,3,FALSE) -> 1051.1 | H14: =VLOOKUP($A14,returns!$A$2:$H$521,3,FALSE) -> 1051.1
... A731: 32142 | B731: =VLOOKUP(A731,returns!$A$2:$H$522,2,FALSE) -> 0 | C731: =VLOOKUP($A731,returns!$A$2:H$521,3,FALSE) -> 1320 | D731: =VLOOKUP($A731,returns!$A$2:$H$521,3,FALSE) -> 1320 | E731: =VLOOKUP($A731,returns!$A$2:$H$521,3,FALSE) -> 1320 | F731: =VLOOKUP($A731,returns!$A$2:$H$521,3,FALSE) -> 1320 | G731: =VLOOKUP($A731,returns!$A$2:$H$521,3,FALSE) -> 1320 | H731: =VLOOKUP($A731,returns!$A$2:$H$521,3,FALSE) -> 1320

Sheet Short-term interest Rates daily
A1: Date | B1: Australia_3M_Bank_Accepted_Bill | C1: Canada_3mtbill | D1: UK_3mbond_yield | E1: US_3MTBILLYIELD
A2: 31412 | B2: 19 | C2: #N/A | D2: #N/A | E2: #N/A
A3: 31413 | C3: 0 | D3: 11.23 | E3: #N/A
A4: 31414 | B4: 18.75 | C4: 9.39 | D4: 11.21 | E4: 7.1
A5: 31415 | B5: 18.5 | C5: 9.68 | D5: 11.21 | E5: 7.07
A6: 31418 | B6: 19 | C6: 9.82 | D6: 11.25 | E6: 7.06
A7: 31419 | B7: 18.88 | C7: 9.72 | D7: 11.5 | E7: 7.03
A8: 31420 | B8: 18.75 | C8: 9.91 | D8: 11.88 | E8: 7.17
A9: 31421 | B9: 19.13 | C9: 9.96 | D9: 12.44 | E9: 7.18
A10: 31422 | B10: 19.25 | C10: 9.89 | D10: 12.25 | E10: 7.21
A11: 31425 | B11: 19.25 | C11: 10 | D11: 12.3 | E11: 7.24
A12: 31426 | B12: 19.38 | C12: 10.09 | D12: 12.3 | E12: 7.24
A13: 31427 | B13: 19.25 | C13: 10.13 | D13: 12.5 | E13: 7.19
A14: 31428 | B14: 19.25 | C14: 10.12 | D14: 12.22 | E14: 7.08
A15: 31429 | B15: 19 | C15: 10.09 | D15: 12.24 | E15: 7.11
... A20: 31436 | B20: 18.75 | C20: 10.28 | D20: 12.82 | E20: 6.97
A21: 31439 | C21: 10.43 | D21: 12.72 | E21: 6.95
A22: 31440 | B22: 18.75 | C22: 10.5 | D22: 12.22 | E22: 6.92
A23: 31441 | B23: 18.5 | C23: 10.45 | D23: 12.28 | E23: 7.03
A24: 31442 | B24: 18.25 | C24: 10.7 | D24: 12.24 | E24: 7.04
A25: 31443 | B25: 18.75 | C25: 10.59 | D25: 12.24 | E25: 6.97
A26: 31446 | B26: 18.5 | C26: 10.74 | D26: 12.57 | E26: 7
A27: 31447 | B27: 18.5 | C27: 10.78 | D27: 12.69 | E27: 6.98
A28: 31448 | B28: 18.63 | C28: 11.08 | D28: 12.21 | E28: 7.01
A29: 31449 | B29: 18.5 | C29: 11.23 | D29: 12.2 | E29: 7.1
A30: 31450 | B30: 18.63 | C30: 11.33 | D30: 12.2 | E30: 7.21
A31: 31453 | B31: 18.75 | C31: 11.38 | D31: 12.2 | E31: 7.2
A32: 31454 | B32: 19.5 | C32: 11.4 | D32: 12.2 | E32: 7.11
A33: 31455 | B33: 19.25 | C33: 11.4 | D33: 12.27 | E33: 7.11
... A64: 31498 | B64: 16.75 | C64: 10.01 | D64: 10.97 | E64: 6.34
A65: 31499 | C65: 0 | D65: 10.97 | E65: 0
A66: 31502 | C66: 10.1 | D66: 10.97 | E66: 6.34
A67: 31503 | B67: 17 | C67: 10.09 | D67: 10.9 | E67: 6.33
A68: 31504 | B68: 17 | C68: 10.08 | D68: 10.87 | E68: 6.34
A69: 31505 | B69: 17 | C69: 9.92 | D69: 10.82 | E69: 6.33
A70: 31506 | B70: 16.38 | C70: 9.71 | D70: 10.85 | E70: 6.23
A71: 31509 | B71: 17.38 | C71: 9.55 | D71: 10.65 | E71: 6.24
A72: 31510 | B72: 17.75 | C72: 9.38 | D72: 10.46 | E72: 6.13
A73: 31511 | B73: 18 | C73: 9.23 | D73: 10.18 | E73: 6.01
A74: 31512 | B74: 18.75 | C74: 9.08 | D74: 10.13 | E74: 6.02
A75: 31513 | B75: 18.5 | C75: 9.18 | D75: 10.11 | E75: 5.96
A76: 31516 | B76: 18.88 | C76: 9.25 | D76: 9.94 | E76: 5.91
A77: 31517 | B77: 18.38 | C77: 9.17 | D77: 9.94 | E77: 5.81
A78: 31518 | B78: 16.63 | C78: 9.06 | D78: 9.96 | E78: 5.77
... A84: 31526 | B84: 16.13 | C84: 9.14 | D84: 10 | E84: 6.11
A85: 31527 | C85: 8.99 | D85: 10.04 | E85: 6.14
A86: 31530 | B86: 16.63 | C86: 8.85 | D86: 10.08 | E86: 6.1
A87: 31531 | B87: 15.63 | C87: 8.82 | D87: 10.05 | E87: 6.09
A88: 31532 | B88: 15.38 | C88: 8.81 | D88: 10.01 | E88: 6.1
A89: 31533 | B89: 14.5 | C89: 8.71 | D89: 9.99 | E89: 6.11
A90: 31534 | B90: 14.25 | C90: 8.65 | D90: 10.05 | E90: 6.15
A91: 31537 | B91: 16.88 | C91: 8.56 | D91: 10.05 | E91: 6.06
A92: 31538 | B92: 16.13 | C92: 8.6 | D92: 9.98 | E92: 6.05
A93: 31539 | B93: 15.38 | C93: 8.62 | D93: 10.03 | E93: 6.04
A94: 31540 | B94: 15.5 | C94: 8.46 | D94: 10.05 | E94: 6.04
A95: 31541 | B95: 15.38 | C95: 8.48 | D95: 10.08 | E95: 6.05
A96: 31544 | B96: 15.75 | C96: 8.51 | D96: 10.02 | E96: 6.13
A97: 31545 | B97: 15.63 | C97: 8.5 | D97: 9.99 | E97: 6.09
... A258: 31770 | B258: 14.65 | C258: 8.23 | D258: 10.68 | E258: 5.57
A259: 31771 | C259: 0 | D259: 10.68 | E259: 0
A260: 31772 | C260: 0 | D260: 10.68 | E260: 5.57
A261: 31775 | B261: 14.6 | C261: 8.25 | D261: 10.66 | E261: 5.67
A262: 31776 | B262: 14.7 | C262: 8.26 | D262: 10.68 | E262: 5.69
A263: 31777 | B263: 14.75 | C263: 8.25 | D263: 10.68 | E263: 5.67
A264: 31778 | C264: 0 | D264: 10.68 | E264: 0
A265: 31779 | B265: 14.73 | C265: 8.25 | D265: 10.68 | E265: 5.55
A266: 31782 | B266: 14.7 | C266: 8.23 | D266: 10.63 | E266: 5.55
A267: 31783 | B267: 14.78 | C267: 8.2 | D267: 10.68 | E267: 5.51
A268: 31784 | B268: 14.95 | C268: 8.15 | D268: 10.68 | E268: 5.43
A269: 31785 | B269: 15.45 | C269: 8.1 | D269: 10.67 | E269: 5.43
A270: 31786 | B270: 15.88 | C270: 8.09 | D270: 10.64 | E270: 5.38
A271: 31789 | B271: 15.75 | C271: 8.05 | D271: 10.64 | E271: 5.37
A272: 31790 | B272: 15.63 | C272: 8.02 | D272: 10.64 | E272: 5.36
A273: 31791 | B273: 16.75 | C273: 8.02 | D273: 10.68 | E273: 5.35
A274: 31792 | B274: 23 | C274: 7.93 | D274: 10.67 | E274: 5.36
A275: 31793 | B275: 17.63 | C275: 7.88 | D275: 10.64 | E275: 5.33
A276: 31796 | B276: 17.75 | C276: 7.82 | D276: 10.6 | E276: 0
... A280: 31800 | B280: 16.5 | C280: 7.51 | D280: 10.58 | E280: 5.4
A281: 31803 | C281: 7.53 | D281: 10.6 | E281: 5.49
A282: 31804 | B282: 16.8 | C282: 7.44 | D282: 10.61 | E282: 5.49
A283: 31805 | B283: 16.83 | C283: 7.32 | D283: 10.62 | E283: 5.47
A284: 31806 | B284: 16.85 | C284: 7.27 | D284: 10.64 | E284: 5.48
A285: 31807 | B285: 16.7 | C285: 7.28 | D285: 10.65 | E285: 5.6
A286: 31810 | B286: 16.75 | C286: 7.3 | D286: 10.65 | E286: 5.61
A287: 31811 | B287: 16.85 | C287: 7.35 | D287: 10.64 | E287: 5.59
A288: 31812 | B288: 16.83 | C288: 7.28 | D288: 10.62 | E288: 5.63
A289: 31813 | B289: 16.58 | C289: 7.29 | D289: 10.6 | E289: 5.59
A290: 31814 | B290: 16.38 | C290: 7.29 | D290: 10.5 | E290: 5.66
A291: 31817 | B291: 16.8 | C291: 7.32 | D291: 10.56 | E291: 5.72
A292: 31818 | B292: 16.85 | C292: 7.36 | D292: 10.58 | E292: 5.82
A293: 31819 | B293: 16.35 | C293: 7.37 | D293: 10.58 | E293: 5.86
... A339: 31883 | B339: 14.6 | C339: 7.59 | D339: 9.53 | E339: 5.56
A340: 31884 | C340: 0 | D340: 9.53 | E340: 0
A341: 31887 | C341: 7.56 | D341: 9.53 | E341: 5.54
A342: 31888 | B342: 14.5 | C342: 7.73 | D342: 9.55 | E342: 5.5
A343: 31889 | B343: 14.35 | C343: 7.98 | D343: 9.56 | E343: 5.42
A344: 31890 | B344: 14.33 | C344: 8.09 | D344: 9.53 | E344: 5.49
A345: 31891 | B345: 14.05 | C345: 8.3 | D345: 9.36 | E345: 5.76
A346: 31894 | B346: 14.15 | C346: 8.25 | D346: 9.22 | E346: 5.78
A347: 31895 | B347: 14.28 | C347: 8.13 | D347: 9.28 | E347: 5.82
...

Sheet returns
A1: Date | B1: ^AEX | C1: ^AORD | D1: ^FTSE | E1: ^GSPC | F1: ^GSPTSE | G1: ^HSI | H1: ^N225
A2: 31414 | B2: 121.22 | C2: 1010.8 | D2: 1420.5 | E2: 209.59 | F2: 2874.18 | G2: 1774.38 | H2: 13083.18
A3: 31415 | B3: 121.52 | C3: 1020.4 | D3: 1429.8 | E3: 210.88 | F3: 2874.08 | G3: 1791.23 | H3: 13083.18
A4: 31418 | B4: 125.13 | C4: 1028 | D4: 1424.1 | E4: 210.65 | F4: 2859.92 | G4: 1796.59 | H4: 13053.79
A5: 31419 | B5: 124.98 | C5: 1032.4 | D5: 1415.2 | E5: 213.8 | F5: 2881.26 | G5: 1815.53 | H5: 12991.24
A6: 31420 | B6: 126.5 | C6: 1041.6 | D6: 1404.2 | E6: 207.97 | F6: 2852.54 | G6: 1826.84 | H6: 13056.42
A7: 31421 | B7: 123.56 | C7: 1043.9 | D7: 1379.6 | E7: 206.11 | F7: 2817.53 | G7: 1798.51 | H7: 13034.19
A8: 31422 | B8: 123.83 | C8: 1044.2 | D8: 1394.5 | E8: 205.96 | F8: 2810.44 | G8: 1807.94 | H8: 12998.21
A9: 31425 | B9: 121.62 | C9: 1051.1 | D9: 1384.6 | E9: 206.72 | F9: 2802.76 | G9: 1799.61 | H9: 12977.02
A10: 31426 | B10: 122.62 | C10: 1048.9 | D10: 1370.1 | E10: 206.64 | F10: 2804.86 | G10: 1782.23 | H10: 12928.6
A11: 31427 | B11: 124.53 | C11: 1050.5 | D11: 1390.5 | E11: 208.26 | F11: 2846.35 | G11: 1783.66 | H11: 12928.6
A12: 31428 | B12: 125.98 | C12: 1060.9 | D12: 1394.5 | E12: 209.17 | F12: 2868.9 | G12: 1797.22 | H12: 13027.13
A13: 31429 | B13: 125.45 | C13: 1066.7 | D13: 1396 | E13: 208.43 | F13: 2862.01 | G13: 1806.86 | H13: 13009.7
... A18: 31436 | B18: 121.62 | C18: 1052.9 | D18: 1392 | E18: 206.43 | F18: 2802.96 | G18: 1745.8 | H18: 12904.2
A19: 31439 | B19: 122.19 | D19: 1405 | E19: 207.39 | F19: 2820.72 | G19: 1744.11 | H19: 12983.14
A20: 31440 | B20: 120.99 | C20: 1055.6 | D20: 1426.3 | E20: 209.81 | F20: 2830.69 | G20: 1754.38 | H20: 12993.69
A21: 31441 | B21: 120.02 | C21: 1060.5 | D21: 1421 | E21: 210.29 | F21: 2849.64 | G21: 1736.35 | H21: 12957.14
A22: 31442 | B22: 117.76 | C22: 1074.2 | D22: 1429.1 | E22: 209.33 | F22: 2837.28 | G22: 1720.21 | H22: 12949.04
A23: 31443 | B23: 119.53 | C23: 1075.1 | D23: 1435 | E23: 211.78 | F23: 2835.78 | G23: 1695.78 | H23: 13024.3
A24: 31446 | B24: 121.25 | C24: 1072.9 | D24: 1425.1 | E24: 213.96 | F24: 2835.68 | G24: 1702.38 | H24: 13086.47
A25: 31447 | B25: 122.5 | C25: 1075.6 | D25: 1431.6 | E25: 212.79 | F25: 2775.13 | G25: 1728.81 | H25: 13138.09
A26: 31448 | B26: 122.01 | C26: 1060.7 | D26: 1424.1 | E26: 212.96 | F26: 2764.56 | G26: 1723.08 | H26: 13185.66
A27: 31449 | B27: 121.61 | C27: 1066.9 | D27: 1426.9 | E27: 213.47 | F27: 2793.89 | G27: 1719.67 | H27: 13186.61
A28: 31450 | B28: 120.55 | C28: 1069.4 | D28: 1445 | E28: 214.56 | F28: 2791.69 | G28: 1734.04 | H28: 13212.13
A29: 31453 | B29: 121.1 | C29: 1068.9 | D29: 1461.5 | E29: 216.24 | F29: 2785.91 | G29: #N/A | H29: 13226.07
A30: 31454 | B30: 120.05 | C30: 1064.5 | D30: 1453.9 | E30: 215.92 | F30: 2761.67 | G30: #N/A | H30: 13226.1
A31: 31455 | B31: 119.15 | C31: 1055.2 | D31: 1470 | E31: 215.97 | F31: 2774.04 | G31: 1743.03 | H31: 13300.58
A32: 31456 | B32: 118.36 | C32: 1039.7 | D32: 1473.5 | E32: 217.4 | F32: 2753.79 | G32: 1746.4 | H32: 13293.8
A33: 31457 | B33: 118.78 | C33: 1046.7 | D33: 1477.9 | E33: 219.76 | F33: 2754.29 | G33: 1777.54 | H33: 13342.78
A34: 31460 | B34: 118.59 | C34: 1048.5 | D34: 1475.3 | G34: 1783.08 | H34: 13447.91
A35: 31461 | B35: 118.23 | C35: 1047.1 | D35: 1491.9 | E35: 222.45 | F35: 2774.84 | G35: 1771.41 | H35: 13436.23
A36: 31462 | B36: 116.47 | C36: 1049.6 | D36: 1491.4 | E36: 219.76 | F36: 2783.61 | G36: 1751.67 | H36: 13466.65
A37: 31463 | B37: 115.73 | C37: 1052.3 | D37: 1492.1 | E37: 222.22 | F37: 2794.29 | G37: 1733.17 | H37: 13355.41
A38: 31464 | B38: 115.54 | C38: 1057 | D38: 1518 | E38: 224.62 | F38: 2802.67 | G38: 1747.06 | H38: 13394.31
A39: 31467 | B39: 114.3 | C39: 1062 | D39: 1533 | E39: 224.34 | F39: 2794.59 | G39: 1742.37 | H39: 13503.49
A40: 31468 | B40: 112.54 | C40: 1046.6 | D40: 1527.7 | E40: 223.79 | F40: 2801.37 | G40: 1746.05 | H40: 13576.3
A41: 31469 | B41: 112.92 | C41: 1047 | D41: 1534.6 | E41: 224.04 | F41: 2820.02 | G41: 1746.3 | H41: 13621.7
A42: 31470 | B42: 111.84 | C42: 1041.6 | D42: 1549.5 | E42: 226.77 | F42: 2826.1 | G42: 1720.51 | H42: 13642.14
A43: 31471 | B43: 112.4 | C43: 1041.6 | D43: 1543.9 | E43: 226.92 | F43: 2848.55 | G43: 1695.3 | H43: 13640.83
A44: 31474 | B44: 111.3 | C44: 1041.6 | D44: 1534.9 | E44: 225.42 | F44: 2859.32 | G44: 1685.06 | H44: 13757.63
A45: 31475 | B45: 114.46 | C45: 1058.3 | D45: 1548.9 | E45: 224.38 | F45: 2864.21 | G45: 1695.77 | H45: 13784.29
A46: 31476 | B46: 116.63 | C46: 1058.4 | D46: 1569.1 | E46: 224.34 | F46: 2882.26 | G46: 1664.33 | H46: 13807.46
... A62: 31498 | B62: 122.43 | C62: 1136.5 | D62: 1668.8 | E62: 238.97 | F62: 3028.39 | G62: 1625.94 | H62: 15337.18
A63: 31499 | B63: 122.43 | G63: #N/A | H63: 15364.34
A64: 31502 | B64: 122.43 | E64: 238.9 | F64: 3039.56 | G64: #N/A | H64: 15859.75
A65: 31503 | B65: 124.17 | C65: 1131.5 | D65: 1684 | E65: 235.14 | F65: 3021.01 | G65: #N/A | H65: 15745.87
A66: 31504 | B66: 124.25 | C66: 1136 | D66: 1702.9 | E66: 235.71 | F66: 3022.21 | G66: 1603.27 | H66: 15555.51
A67: 31505 | B67: 124.96 | C67: 1144.2 | D67: 1717.6 | E67: 232.47 | F67: 3028.49 | G67: 1625.2 | H67: 15272.24
A68: 31506 | B68: 124.55 | C68: 1153.9 | D68: 1709.7 | E68: 228.69 | F68: 3009.74 | G68: 1643.8 | H68: 15019.81
A69: 31509 | B69: 124.83 | C69: 1148.5 | D69: 1688.5 | E69: 228.63 | F69: 3022.21 | G69: 1691.6 | H69: 15061.98
A70: 31510 | B70: 123.49 | C70: 1148.3 | D70: 1675.7 | E70: 233.52 | F70: 3031.88 | G70: 1727.93 | H70: 15014.06
A71: 31511 | B71: 124.03 | C71: 1153.9 | D71: 1659 | E71: 233.75 | F71: 3051.33 | G71: 1752.34 | H71: 15110.18
A72: 31512 | B72: 123.38 | C72: 1195.6 | D72: 1690.3 | E72: 236.44 | F72: 3057.62 | G72: 1758.57 | H72: 15203.57
A73: 31513 | B73: 123.84 | C73: 1214.6 | D73: 1694.1 | E73: 235.97 | F73: 3075.77 | G73: 1784.21 | H73: 15326.38
A74: 31516 | B74: 125.98 | C74: 1202.2 | D74: 1683.1 | E74: 237.28 | F74: 3089.24 | G74: 1785.45 | H74: 15396.76
A75: 31517 | B75: 124.17 | C75: 1198.5 | D75: 1654.8 | E75: 237.73 | F75: 3092.43 | G75: 1763.73 | H75: 15352.33
A76: 31518 | B76: 125.27 | C76: 1202.6 | D76: 1662 | E76: 242.22 | F76: 3110.88 | G76: 1791.19 | H76: 15358.36
A77: 31519 | B77: 125.85 | C77: 1216.8 | D77: 1680.9 | E77: 243.03 | F77: 3110.78 | G77: 1812 | H77: 15486.84
... A82: 31526 | B82: 122.6 | C82: 1210.4 | D82: 1615.5 | E82: 242.02 | F82: 3117.26 | G82: 1824.51 | H82: 15682.05
A83: 31527 | B83: 122.5 | D83: 1622.6 | E83: 242.29 | F83: 3117.86 | G83: 1834.62 | H83: 15689.88
A84: 31530 | B84: 118.41 | C84: 1206.9 | D84: 1628.8 | E84: 243.08 | F84: 3118.46 | G84: 1848.65 | H84: 15757.93
A85: 31531 | B85: 120.12 | C85: 1209.1 | D85: 1656.3 | E85: 240.51 | F85: 3108.29 | G85: 1826.29 | H85: 15757.9
A86: 31532 | B86: 120.12 | C86: 1210.6 | D86: 1660.5 | E86: 235.52 | F86: 3071.08 | G86: 1836.99 | H86: 15825.5
A87: 31533 | B87: 118.83 | C87: 1212.9 | D87: 1640.1 | E87: 235.16 | F87: 3059.81 | G87: 1848.65 | H87: 15782.65
A88: 31534 | B88: 118.59 | C88: 1224.7 | D88: 1652.5 | E88: 234.79 | F88: 3070.18 | G88: 1843.14 | H88: 15868.44
A89: 31537 | B89: 118.25 | C89: 1231.4 | E89: 237.73 | F89: 3060.41 | G89: 1842.44
A90: 31538 | B90: 119.75 | C90: 1238.3 | D90: 1636.2 | E90: 237.24 | F90: 3066.89 | G90: 1858.16 | H90: 15900.15
A91: 31539 | B91: 117.4 | C91: 1247 | D91: 1610.1 | E91: 236.08 | F91: 3047.54 | G91: 1865.65 | H91: 15953.85
A92: 31540 | B92: 117.4 | C92: 1242.6 | D92: 1602.6 | E92: 237.13 | F92: 3056.32 | G92: 1864.21 | H92: 16078.24
A93: 31541 | B93: 115.99 | C93: 1232.1 | D93: 1601.6 | E93: 237.85 | F93: 3058.31 | G93: 1852.21 | H93: 16194.98
A94: 31544 | B94: 114.87 | C94: 1218.3 | D94: 1603.8 | E94: 237.58 | F94: 3061.21 | G94: 1832.5 | H94: 16105.23
A95: 31545 | B95: 113.94 | C95: 1201.8 | D95: 1623.3 | E95: 236.41 | F95: 3064.3 | G95: 1803.73 | H95: 15982.26
A96: 31546 | B96: 115.4 | C96: 1222.4 | D96: 1594.3 | E96: 237.54 | F96: 3069.49 | G96: 1820.68 | H96: 15943.75
A97: 31547 | B97: 116.26 | C97: 1222.4 | D97: 1575.7 | E97: 234.43 | F97: 3054.82 | G97: 1794.17 | H97: 15924.69
A98: 31548 | B98: 115.68 | C98: 1194.3 | D98: 1564.9 | E98: 232.76 | F98: 3036.57 | G98: 1787.08 | H98: 15739.05
A99: 31551 | B99: 115.68 | C99: 1197.9 | D99: 1573.1 | E99: 233.2 | G99: 1765.02 | H99: 15697.53
A100: 31552 | B100: 117.11 | C100: 1176.3 | D100: 1585.8 | E100: 236.11 | F100: 3030.78 | G100: 1777.27 | H100: 15689.98
A101: 31553 | B101: 120.39 | C101: 1172.9 | D101: 1591.9 | E101: 235.45 | F101: 3019.81 | G101: 1794.94 | H101: 15808.14
A102: 31554 | B102: 127.7 | C102: 1174.6 | D102: 1598.8 | E102: 240.12 | F102: 3031.18 | G102: 1820.98 | H102: 15917.33
A103: 31555 | B103: 127.5 | C103: 1191.7 | D103: 1617.4 | E103: 241.35 | F103: 3039.56 | G103: 1815.92 | H103: 16204.98
A104: 31558 | B104: 126.03 | C104: 1204.6 | F104: 3046.24 | G104: 1811.87 | H104: 16409.49
A105: 31559 | B105: 125.09 | C105: 1200.9 | D105: 1612.1 | E105: 244.75 | F105: 3054.82 | G105: 1816.3 | H105: 16467.35
A106: 31560 | B106: 126.17 | C106: 1208.8 | D106: 1624.8 | E106: 246.63 | F106: 3085.25 | G106: 1777.47 | H106: 16553.39
A107: 31561 | B107: 126.03 | C107: 1228.3 | D107: 1609 | E107: 247.98 | F107: 3101.5 | G107: 1772.76 | H107: 16610.61
A108: 31562 | B108: 126.14 | C108: 1241 | D108: 1602.8 | E108: 247.35 | F108: 3114.07 | G108: 1787.96 | H108: 16670.77
A109: 31565 | B109: 126.59 | C109: 1229.3 | D109: 1596.5 | E109: 245.04 | F109: 3090.93 | G109: 1781.94 | H109: 16739.27
A110: 31566 | B110: 125.22 | C110: 1220.5 | D110: 1602.2 | E110: 245.51 | F110: 3088.64 | G110: 1757.91 | H110: 16669.54
A111: 31567 | B111: 125.93 | C111: 1223.4 | D111: 1601.4 | E111: 243.94 | F111: 3087.64 | G111: 1756.67 | H111: 16802.75
A112: 31568 | B112: 124.64 | C112: 1227.8 | D112: 1612.6 | E112: 245.65 | F112: 3076.57 | G112: 1748.56 | H112: 16810.99
A113: 31569 | B113: 124.14 | C113: 1230.2 | D113: 1611.9 | E113: 245.67 | F113: 3082.85 | G113: 1747.09 | H113: 16817.91
A114: 31572 | B114: 124.19 | D114: 1604.6 | E114: 239.96 | F114: 3056.32 | G114: 1748.24 | H114: 17008.34
A115: 31573 | B115: 123.62 | C115: 1222.1 | D115: 1586.4 | E115: 239.58 | F115: 3042.45 | G115: 1751.36 | H115: 16967.69
A116: 31574 | B116: 123.85 | C116: 1225.4 | D116: 1571.4 | E116: 241.13 | F116: 3062 | G116: #N/A | H116: 17096.45
A117: 31575 | B117: 124.28 | C117: 1218.6 | D117: 1571.8 | E117: 241.49 | F117: 3065.2 | G117: 1752.79 | H117: 17131.22
A118: 31576 | B118: 124.35 | C118: 1216.3 | D118: 1582.4 | E118: 245.73 | F118: 3081.16 | G118: 1765.65 | H118: 17205.97
A119: 31579 | B119: 125.91 | C119: 1209.1 | D119: 1593.6 | E119: 246.13 | F119: 3064.5 | G119: #N/A | H119: 17185.6
A120: 31580 | B120: 125.85 | C120: 1197.2 | D120: 1605.3 | E120: 244.35 | F120: 3058.31 | G120: 1789.34 | H120: 17075.89
A121: 31581 | B121: 125.24 | C121: 1200.6 | D121: 1619 | E121: 244.99 | F121: 3058.91 | G121: 1789.78 | H121: 17177.07
A122: 31582 | B122: 125.14 | C122: 1210.8 | D122: 1629.6 | E122: 244.06 | F122: 3052.43 | G122: 1778.29 | H122: 17277.59
A123: 31583 | B123: 125.07 | C123: 1214.7 | D123: 1637.2 | E123: 247.58 | F123: 3052.03 | G123: 1781.04 | H123: 17403.13
...

Sheet Policy_interest rates
A1: Date | B1: Australia | C1: Canada | D1: United_Kingdom | E1: Hong_Kong | F1: Japan | G1: Netherlands | H1: United_States | O1: Source | P1: Central bank policy rates - data | BIS Data Portal
A2: 31413 | C2: 9.49 | F2: 5 | G2: 5.5 | H2: 7.75
A3: 31414 | B3: 18.75 | C3: 9.62 | D3: 11.375 | F3: 5 | G3: 5.5 | H3: 7.75
A4: 31415 | B4: 18.5 | C4: 9.62 | D4: 11.375 | F4: 5 | G4: 5.5 | H4: 7.75
A5: 31416 | F5: 5 | G5: 5.5 | H5: 7.75
A6: 31417 | F6: 5 | G6: 5.5 | H6: 7.75
A7: 31418 | B7: 19 | C7: 9.62 | D7: 11.375 | F7: 5 | G7: 5.5 | H7: 7.75
A8: 31419 | B8: 18.88 | C8: 9.62 | D8: 11.375 | F8: 5 | G8: 5.5 | H8: 7.75
A9: 31420 | B9: 18.75 | C9: 9.62 | D9: 11.375 | F9: 5 | G9: 5.5 | H9: 7.75
A10: 31421 | B10: 19.13 | C10: 10.21 | D10: 11.375 | F10: 5 | G10: 5.5 | H10: 7.75
A11: 31422 | B11: 19.25 | C11: 10.21 | D11: 11.375 | F11: 5 | G11: 5.5 | H11: 7.75
A12: 31423 | F12: 5 | G12: 5.5 | H12: 7.75
A13: 31424 | F13: 5 | G13: 5.5 | H13: 7.75
A14: 31425 | B14: 19.25 | C14: 10.21 | D14: 11.375 | F14: 5 | G14: 5.5 | H14: 7.75
A15: 31426 | B15: 19.38 | C15: 10.21 | D15: 11.375 | F15: 5 | G15: 5.5 | H15: 7.75
A16: 31427 | B16: 19.25 | C16: 10.21 | D16: 12.375 | F16: 5 | G16: 5.5 | H16: 7.75
A17: 31428 | B17: 19.25 | C17: 10.38 | D17: 12.375 | F17: 5 | G17: 5.5 | H17: 7.75
A18: 31429 | B18: 19 | C18: 10.38 | D18: 12.375 | F18: 5 | G18: 5.5 | H18: 7.75
A19: 31430 | F19: 5 | G19: 5.5 | H19: 7.75
A20: 31431 | F20: 5 | G20: 5.5 | H20: 7.75
A21: 31432 | B21: 19 | C21: 10.38 | D21: 12.375 | F21: 5 | G21: 5.5 | H21: 7.75
A22: 31433 | B22: 19 | C22: 10.38 | D22: 12.375 | F22: 5 | G22: 5.5 | H22: 7.75
A23: 31434 | B23: 18.88 | C23: 10.38 | D23: 12.375 | F23: 5 | G23: 5.5 | H23: 7.75
A24: 31435 | B24: 18.75 | C24: 10.33 | D24: 12.375 | F24: 5 | G24: 5.5 | H24: 7.75
A25: 31436 | B25: 18.75 | C25: 10.33 | D25: 12.375 | F25: 5 | G25: 5.5 | H25: 7.75
A26: 31437 | F26: 5 | G26: 5.5 | H26: 7.75
A27: 31438 | F27: 5 | G27: 5.5 | H27: 7.75
A28: 31439 | C28: 10.33 | D28: 12.375 | F28: 5 | G28: 5.5 | H28: 7.75
A29: 31440 | B29: 18.75 | C29: 10.33 | D29: 12.375 | F29: 5 | G29: 5.5 | H29: 7.75
A30: 31441 | B30: 18.5 | C30: 10.33 | D30: 12.375 | F30: 5 | G30: 5.5 | H30: 7.75
A31: 31442 | B31: 18.25 | C31: 10.8 | D31: 12.375 | F31: 4.5 | G31: 5.5 | H31: 7.75
A32: 31443 | B32: 18.75 | C32: 10.8 | D32: 12.375 | F32: 4.5 | G32: 5.5 | H32: 7.75
A33: 31444 | F33: 4.5 | G33: 5.5 | H33: 7.75
A34: 31445 | F34: 4.5 | G34: 5.5 | H34: 7.75
A35: 31446 | B35: 18.5 | C35: 10.8 | D35: 12.375 | F35: 4.5 | G35: 5.5 | H35: 7.75
A36: 31447 | B36: 18.5 | C36: 10.8 | D36: 12.375 | F36: 4.5 | G36: 5.5 | H36: 7.75
A37: 31448 | B37: 18.63 | C37: 10.8 | D37: 12.375 | F37: 4.5 | G37: 5.5 | H37: 7.75
A38: 31449 | B38: 18.5 | C38: 11.47 | D38: 12.375 | F38: 4.5 | G38: 5.5 | H38: 7.75
A39: 31450 | B39: 18.63 | C39: 11.47 | D39: 12.375 | F39: 4.5 | G39: 5.5 | H39: 7.75
A40: 31451 | F40: 4.5 | G40: 5.5 | H40: 7.75
A41: 31452 | F41: 4.5 | G41: 5.5 | H41: 7.75
A42: 31453 | B42: 18.75 | C42: 11.47 | D42: 12.375 | F42: 4.5 | G42: 5.5 | H42: 7.75
A43: 31454 | B43: 19.5 | C43: 11.47 | D43: 12.375 | F43: 4.5 | G43: 5.5 | H43: 7.75
A44: 31455 | B44: 19.25 | C44: 11.47 | D44: 12.375 | F44: 4.5 | G44: 5.5 | H44: 7.75
A45: 31456 | B45: 19.13 | C45: 12.1 | D45: 12.375 | F45: 4.5 | G45: 5.5 | H45: 7.75
A46: 31457 | B46: 18.63 | C46: 12.1 | D46: 12.375 | F46: 4.5 | G46: 5.5 | H46: 7.75
A47: 31458 | F47: 4.5 | G47: 5.5 | H47: 7.75
A48: 31459 | F48: 4.5 | G48: 5.5 | H48: 7.75
A49: 31460 | B49: 18.5 | C49: 12.1 | D49: 12.375 | F49: 4.5 | G49: 5.5 | H49: 7.75
A50: 31461 | B50: 18.88 | C50: 12.1 | D50: 12.375 | F50: 4.5 | G50: 5.5 | H50: 7.75
A51: 31462 | B51: 19.38 | C51: 12.1 | D51: 12.375 | F51: 4.5 | G51: 5.5 | H51: 7.75
A52: 31463 | B52: 19 | C52: 11.84 | D52: 12.375 | F52: 4.5 | G52: 5.5 | H52: 7.75
A53: 31464 | B53: 18.38 | C53: 11.84 | D53: 12.375 | F53: 4.5 | G53: 5.5 | H53: 7.75
A54: 31465 | F54: 4.5 | G54: 5.5 | H54: 7.75
A55: 31466 | F55: 4.5 | G55: 5.5 | H55: 7.75
A56: 31467 | B56: 18.5 | C56: 11.84 | D56: 12.375 | F56: 4.5 | G56: 5.5 | H56: 7.75
A57: 31468 | B57: 18.25 | C57: 11.84 | D57: 12.375 | F57: 4.5 | G57: 5.5 | H57: 7.75
A58: 31469 | B58: 18.25 | C58: 11.84 | D58: 12.375 | F58: 4.5 | G58: 5.5 | H58: 7.75
A59: 31470 | B59: 17.5 | C59: 11.8 | D59: 12.375 | F59: 4.5 | G59: 5.5 | H59: 7.75
A60: 31471 | B60: 17 | C60: 11.8 | D60: 12.375 | F60: 4.5 | G60: 5.5 | H60: 7.75
A61: 31472 | F61: 4.5 | G61: 5.5 | H61: 7.75
A62: 31473 | F62: 4.5 | G62: 5.5 | H62: 7.75
A63: 31474 | B63: 17 | C63: 11.8 | D63: 12.375 | F63: 4.5 | G63: 5.5 | H63: 7.75
A64: 31475 | B64: 16.5 | C64: 11.8 | D64: 12.375 | F64: 4.5 | G64: 5.5 | H64: 7.75
A65: 31476 | B65: 17.63 | C65: 11.8 | D65: 12.375 | F65: 4.5 | G65: 5.5 | H65: 7.75
A66: 31477 | B66: 17.63 | C66: 11.74 | D66: 12.375 | F66: 4.5 | G66: 5.5 | H66: 7.75
A67: 31478 | B67: 17.13 | C67: 11.74 | D67: 12.375 | F67: 4.5 | G67: 5 | H67: 7.25
A68: 31479 | F68: 4.5 | G68: 5 | H68: 7.25
A69: 31480 | F69: 4.5 | G69: 5 | H69: 7.25
A70: 31481 | B70: 17.25 | C70: 11.74 | D70: 12.375 | F70: 4 | G70: 5 | H70: 7.25
A71: 31482 | B71: 17.88 | C71: 11.74 | D71: 12.375 | F71: 4 | G71: 5 | H71: 7.25
A72: 31483 | B72: 18.25 | C72: 11.74 | D72: 12.375 | F72: 4 | G72: 5 | H72: 7.25
A73: 31484 | B73: 17.5 | C73: 10.69 | D73: 12.375 | F73: 4 | G73: 5 | H73: 7.25
A74: 31485 | B74: 17.13 | C74: 10.69 | D74: 12.375 | F74: 4 | G74: 5 | H74: 7.25
A75: 31486 | F75: 4 | G75: 5 | H75: 7.25
A76: 31487 | F76: 4 | G76: 5 | H76: 7.25
A77: 31488 | B77: 17.88 | C77: 10.69 | D77: 12.375 | F77: 4 | G77: 5 | H77: 7.25
A78: 31489 | B78: 18 | C78: 10.69 | D78: 12.375 | F78: 4 | G78: 5 | H78: 7.25
A79: 31490 | B79: 17.38 | C79: 10.69 | D79: 11.375 | F79: 4 | G79: 5 | H79: 7.25
A80: 31491 | B80: 17.38 | C80: 10.11 | D80: 11.375 | F80: 4 | G80: 5 | H80: 7.25
A81: 31492 | B81: 16 | C81: 10.11 | D81: 11.375 | F81: 4 | G81: 5 | H81: 7.25
A82: 31493 | F82: 4 | G82: 5 | H82: 7.25
A83: 31494 | F83: 4 | G83: 5 | H83: 7.25
A84: 31495 | B84: 16.88 | C84: 10.11 | D84: 11.375 | F84: 4 | G84: 5 | H84: 7.25
A85: 31496 | B85: 17 | C85: 10.11 | D85: 11.375 | F85: 4 | G85: 5 | H85: 7.25
A86: 31497 | B86: 17.38 | C86: 10.44 | D86: 11.375 | F86: 4 | G86: 5 | H86: 7.25
A87: 31498 | B87: 16.75 | C87: 10.44 | D87: 11.375 | F87: 4 | G87: 5 | H87: 7.25
A88: 31499 | C88: 10.44 | F88: 4 | G88: 5 | H88: 7.25
A89: 31500 | F89: 4 | G89: 5 | H89: 7.25
A90: 31501 | F90: 4 | G90: 5 | H90: 7.25
A91: 31502 | C91: 10.44 | F91: 4 | G91: 5 | H91: 7.25
A92: 31503 | B92: 17 | C92: 10.44 | D92: 11.375 | F92: 4 | G92: 5 | H92: 7.25
A93: 31504 | B93: 17 | C93: 10.44 | D93: 11.375 | F93: 4 | G93: 5 | H93: 7.3215
A94: 31505 | B94: 17 | C94: 10.14 | D94: 11.375 | F94: 4 | G94: 5 | H94: 7.3215
A95: 31506 | B95: 16.38 | C95: 10.14 | D95: 11.375 | F95: 4 | G95: 5 | H95: 7.3215
A96: 31507 | F96: 4 | G96: 5 | H96: 7.3215
A97: 31508 | F97: 4 | G97: 5 | H97: 7.3215
A98: 31509 | B98: 17.38 | C98: 10.14 | D98: 11.375 | F98: 4 | G98: 5 | H98: 7.3215
A99: 31510 | B99: 17.75 | C99: 10.14 | D99: 11.375 | F99: 4 | G99: 5 | H99: 7.3215
A100: 31511 | B100: 18 | C100: 10.14 | D100: 11.375 | F100: 4 | G100: 5 | H100: 7.3215
...

Sheet tbills
A1: Financial market statistics | B1: Canada3MTBill
A2: 31413 | B2: .. | P2: Canada 3mtbill | Q2: Bank of Canada, money market and other interest rates
A3: 31414 | B3: 9.39
A4: 31415 | B4: 9.68
A5: 31416 | B5: ..
A6: 31417 | B6: ..
A7: 31418 | B7: 9.82
A8: 31419 | B8: 9.72
A9: 31420 | B9: 9.91
A10: 31421 | B10: 9.96
A11: 31422 | B11: 9.89
A12: 31423 | B12: ..
A13: 31424 | B13: ..
A14: 31425 | B14: 10
A15: 31426 | B15: 10.09
A16: 31427 | B16: 10.13
A17: 31428 | B17: 10.12
A18: 31429 | B18: 10.09
A19: 31430 | B19: ..
A20: 31431 | B20: ..
A21: 31432 | B21: 10.1
A22: 31433 | B22: 10.22
A23: 31434 | B23: 10.07
A24: 31435 | B24: 10.09
A25: 31436 | B25: 10.28
A26: 31437 | B26: ..
A27: 31438 | B27: ..
A28: 31439 | B28: 10.43
A29: 31440 | B29: 10.5
A30: 31441 | B30: 10.45
A31: 31442 | B31: 10.7
A32: 31443 | B32: 10.59
A33: 31444 | B33: ..
A34: 31445 | B34: ..
A35: 31446 | B35: 10.74
A36: 31447 | B36: 10.78
A37: 31448 | B37: 11.08
A38: 31449 | B38: 11.23
A39: 31450 | B39: 11.33
A40: 31451 | B40: ..
A41: 31452 | B41: ..
A42: 31453 | B42: 11.38
A43: 31454 | B43: 11.4
A44: 31455 | B44: 11.4
A45: 31456 | B45: 11.9
A46: 31457 | B46: 11.75
A47: 31458 | B47: ..
A48: 31459 | B48: ..
A49: 31460 | B49: 11.72
A50: 31461 | B50: 11.74
A51: 31462 | B51: 11.74
A52: 31463 | B52: 11.52
A53: 31464 | B53: 11.45
A54: 31465 | B54: ..
A55: 31466 | B55: ..
A56: 31467 | B56: 11.3
A57: 31468 | B57: 11.38
A58: 31469 | B58: 11.34
A59: 31470 | B59: 11.59
A60: 31471 | B60: 11.72
A61: 31472 | B61: ..
A62: 31473 | B62: ..
A63: 31474 | B63: 11.77
A64: 31475 | B64: 11.59
A65: 31476 | B65: 11.63
A66: 31477 | B66: 11.49
A67: 31478 | B67: 11.18
A68: 31479 | B68: ..
A69: 31480 | B69: ..
A70: 31481 | B70: 10.93
A71: 31482 | B71: 10.92
A72: 31483 | B72: 10.63
A73: 31484 | B73: 10.34
A74: 31485 | B74: 10.14
A75: 31486 | B75: ..
A76: 31487 | B76: ..
A77: 31488 | B77: 10.09
A78: 31489 | B78: 10.14
A79: 31490 | B79: 10.1
A80: 31491 | B80: 9.9
A81: 31492 | B81: 9.98
A82: 31493 | B82: ..
A83: 31494 | B83: ..
A84: 31495 | B84: 10.09
A85: 31496 | B85: 10.27
A86: 31497 | B86: 10.19
A87: 31498 | B87: 10.01
A88: 31499 | B88: ..
A89: 31500 | B89: ..
A90: 31501 | B90: ..
A91: 31502 | B91: 10.1
A92: 31503 | B92: 10.09
A93: 31504 | B93: 10.08
A94: 31505 | B94: 9.92
A95: 31506 | B95: 9.71
A96: 31507 | B96: ..
A97: 31508 | B97: ..
A98: 31509 | B98: 9.55
A99: 31510 | B99: 9.38
A100: 31511 | B100: 9.23
...

Sheet Tracking
A1: Countries | B1: Returns | C1: Policy_interest rates | D1: Short-term interest rates
A2: USA | B2: SP500 | C2: yes | D2: 3M-Tbill
A3: Canada | B3: TSX Composite | C3: yes | D3: Canada 3m tbill
A4: Australia | B4: AUORD | C4: yes | D4: 3-month bank accepted bill
A5: United_Kingdom | B5: FTSE | C5: yes | D5: 3-month bond yield
A6: Hong_Kong | C6: No | D6: Not available
A7: Japan | B7: Nikkei225 | C7: Yes | D7: Official Discount Rates
A8: Netherlands | B8: ^AEX
